[
	{
		"sapUiLocalBusyIndicatorBG_IE": "#f2f2f2",
		"sapField_Focus_Background": "#fff",
		"sapNeutralColor": "#007cc0",
		"sapUiChartPaletteSequentialHue2Dark1": "#759422",
		"sapUiUfdShellHeadBGEndColor": "#fafafa",
		"sapUiDTICustomHeaderBoxShadow": "#ddd",
		"sapUiSegmentedBtnBorderFooter": "rgba(100,114,123,0.96)",
		"sapContent_BackgroundGradientEndColor": "#7f9c25",
		"sapUshellCatalogHeaderMarginTop": "2rem",
		"sapUiUfdShellOvrlyHeadHeight": "48px",
		"sapGroup_ContentBackground": "#fff",
		"sapUiWarningBG": "#fffcb5",
		"sapUiDarkBG": "#777",
		"sapUshellPlusTileBoxColorBackground": "rgba(255,255,255,0.4)",
		"sapMeTabIconAttachments": "attachment",
		"sapUiScrollBarHoverFaceColor": "#dedede",
		"sapUiChartPaletteSequentialHue2Dark2": "#5b731a",
		"sapUiDTICustomArrowBG": "#fff",
		"sapTile_Background": "#fff",
		"sapUiPullToRefreshText": "#666",
		"sapUshellTileBaseTitleLineHeightPhone": "1.25rem",
		"sapUiChoroplethRegionBG": "#bac1c4",
		"sapUiBlackBorder": "#000",
		"stepOverlapOnPhone": "1rem",
		"sapUiExtraDarkBorder": "#999",
		"sapUiTextSelectionColor": "green",
		"sapUiOrange": "#f27020",
		"sapUiSelected": "#24F28E",
		"sapUshellDashboardMarginSides": "2rem",
		"sapUiListTableTextSize": "0.875rem",
		"sapUiWarningBorder": "#f0ab00",
		"sapUiBtnBaseRadius": "0.143rem",
		"sapUiButtonLiteActiveBorderColor": "#24F28E",
		"sapUiBtnActionSelectBorderColor": "rgba(100,114,123,0.96)",
		"sapUiLIUnreadAsBubble": "false",
		"sapUiListNoDataTextColor": "#333",
		"sapMFontMediumSize": "0.875rem",
		"sapUiReadOnlyBG": "grey",
		"sapMeTabColorInfo": "#f27020",
		"sapUiUfdShellOvrlyAnimDuration": "525ms",
		"sapUiBarText": "#666",
		"sapUiShadowTint": "#000",
		"sapUiBtnBGPositiveBorder": "#005f28",
		"sapUiButtonHoverBackground": "#eaeaea",
		"sapUiBusyDlgSimpleIndicatorBG": "rgba(255,255,255,0.6)",
		"sapUshellToolAreaItemSeparatorColor": "#4d6376",
		"sapUshellTileBaseBottomlineFontSizePhone": "0.75rem",
		"sapUshellTileContainerDashboardGroupTitleFontWeight": "normal",
		"sapUiGroupHeaderBG": "#f7f7f7",
		"sapUiALITextColor": "#fff",
		"sapGroup_TitleBackground": "transparent",
		"hdrEndMin": "(max-width: 657px)",
		"sapUshellTileBaseIconBottomPhone": "1.81rem",
		"sapUiUfdShellHeadButtonSeparatorWidth": "1px",
		"sapUiSegmentedButtonActiveIconColor": "#666",
		"sapUshellGroupListFontWeight": "normal",
		"screen_condition": "only screen",
		"sapUshellToolAreaItemHeigth": "3.07rem",
		"sapButton_Disabled_Background": "#f5f5f5",
		"sapField_Hover_BorderColor": "#24F28E",
		"sapUiUfdShellOvrlyCloseAnimOverAll": "525ms",
		"sapUiFontHeader3Size": "18px",
		"sapCaUiChartDataLabelShadow": "0px 0px 5px rgba(255,255,255,0.5)",
		"sapUiChartPaletteSequentialNeutralDark2": "#5e686e",
		"sapUiLinkVisited": "#00679e",
		"sapUiChartPaletteSequentialNeutralDark1": "#6a757b",
		"sapUiUx3ToolPopupArrowRightMarginCorrection": "-1px",
		"sapUshellTileTallHeightPhone": "18.5rem",
		"sapUshellCatalogButtonBorderWidth": "0.07rem",
		"sapUshellDynamicTileNumberFactorFontSizeDesktop": "0.88rem",
		"f": "1",
		"d": "\"-webkit-calc(\"",
		"e": "\"rem)\"",
		"b": "\" + \"",
		"c": "\"calc(\"",
		"sapUiGlobalBackgroundVariant": "2",
		"stepUnderlineWidth": "3rem",
		"sapUiChartCategoryAxisTickColor": "#343434",
		"sapUiNotificationBarCalloutArr": "rgba(51,51,51,0.98)",
		"a": "91.66666666666667%",
		"sapUiBtnBGNegativeBorder": "#b51616",
		"sapUshellTileBasePaddingPhoneVertical": "0.625rem",
		"sapUiInputBasePlaceholder": "#707070",
		"sapCaUiChartSemanticColor-Neutral-Dark": "#6b757a",
		"sapUiToggleBtnBorder": "#0eee82",
		"sapNegativeElementColor": "#cc1919",
		"sapList_BorderWidth": "1px",
		"sapUiListTblPopinSelectedBG": "#e9fef4",
		"sapField_SuccessColor": "#008a3b",
		"sapUshellActiveTile": "rgba(0,0,0,0.2)",
		"sapUiObjectHeaderBackground": "#fff",
		"sapUiUfdShellCurtainBGStartColor": "rgba(255,255,255,0.97)",
		"sapUshellOverflowArrowsHoverColor": "rgba(255,255,255, 0.4)",
		"sapUiChartLegendTitleFontColor": "#000",
		"sapUiSplitContainerMasterShadow": "1px 0 10px rgba(0,0,0,0.15)",
		"sapUiSelectListHighlight": "#24F28E",
		"sapUiNotificationBarBorder": "#666",
		"sapMeOverlapCalendarType06": "#fae2a6",
		"sapMeOverlapCalendarType04": "#defdee",
		"sapUshellToolAreaItemWidthPhone": "13rem",
		"sapUiSliderHandleBGPressed": "rgba(36,242,142,0.3)",
		"sapUshellTileContainerCatalogGroupTitleMarginBottomDesktop": "1.5rem",
		"sapMeOverlapCalendarType07": "#fceaea",
		"sapUiMediumLine": "#9a9a9a",
		"sapUiContentDisabledTextColor": "#ccc",
		"sapMeOverlapCalendarType01": "#defdee",
		"sapCaUiChartAxisFontSize": "0.75rem",
		"sapMeOverlapCalendarType00": "#e5e5e5",
		"sapUiChartTargetColor": "#343434",
		"height": "2.75rem - (2 * 1px)",
		"sapField_Focus_BorderColor": "#24F28E",
		"sapUiUx3ExactLstCollapseWidth": "24px",
		"sapUiChoroplethRegionBorder": "#fff",
		"sapButton_BorderWitdh": "1px",
		"sapUshellTileBaseTitleFontSizeDesktop": "1rem",
		"sapCaUiChartPopoverItemFontSize": "0.875rem",
		"sapUiPositive": "#007833",
		"sapUshellAnchorNavigationBarHeight": "3rem",
		"sapMeCalendarLegendIconExpand": "expand",
		"sapLightTextColor": "#666",
		"sapUiBarBrandingBG": "#257005",
		"sapUiFontHeaderWeight": "normal",
		"sapCaUiChartToolBarTitleFontColor": "#333",
		"sapUiDarkestBG": "#000",
		"sapGroup_FooterBackground": "transparent",
		"sapMeTabColorNotes": "#ab218e",
		"sapUiListTblPopinValueTextColor": "#000",
		"sapUiUfdShellHeadButtonOuterSpace": "4px",
		"sapContent_DisabledOpacity": "0.5",
		"sapUiHeaderText": "#333",
		"sapContent_IconHeight": "16px",
		"sapUiSliderHandleBorderPressed": "#24F28E",
		"sapUiCheckBoxUncheckedColor": "#bfbfbf",
		"sapField_InvalidColor": "#e52929",
		"sapUiDTICustomPhoneDisplay": "modal",
		"sapUiActionSheetButtonText": "#fff",
		"sapUiChartPopoverGroupFontWeight": "bold",
		"sapUiContentContrastTextColor": "#fff",
		"sapUiCheckBoxCheckedColor": "#24F28E",
		"sapUshellDynamicTileNumberFactorFontSizePhone": "0.88rem",
		"sapUiFieldSuccessBackground": "#e0f1e7",
		"sapUiNegativeElement": "#cc1919",
		"sapUshellDynamicTileBottomDesktop": "1.575rem",
		"sapUshellTileBaseBottomlineBottomPhone": "0.31rem",
		"sapContent_LabelColor": "#666",
		"sapUiFontHeader5Size": "14px",
		"sapUiRIIconPadding": "0.25rem",
		"sapUiButtonAcceptBorderColor": "#005f28",
		"sapUiUfdShellHeadCenterAnimDelay": "30ms",
		"sapUiBtnTextShadowHeader": "rgba(255,255,255,0.5)",
		"sapUshellCatalogSelectorLineHeight": "2.5rem",
		"sapUiBtnBorderDefault": "#bfbfbf",
		"sapField_BorderWitdh": "1px",
		"sapUiBaseLine": "#808080",
		"sapWarningBackground": "#fffcb5",
		"sapCaUiChartPopoverCloseIcon": "decline",
		"sapUshellDynamicTileNumberMarginDesktop": "0.5rem",
		"sapUiSuccessBorder": "#008a3b",
		"sapUiButtonIconColor": "#666",
		"sapUiButtonRejectBorderColor": "#b51616",
		"sapUshellNavTreeSinglePadding": "1rem",
		"sapContent_ForegroundBorderColor": "#bfbfbf",
		"sapUiLIDelIcon": "true",
		"sapContent_DisabledTextColor": "#ccc",
		"sapUiBtnTextHeader": "#666",
		"sapUiFocus": "#0ccd6f",
		"sapUiBtnTextNegativeDisabled": "rgba(255,255,255,0.5)",
		"sapButton_Hover_Background": "#eaeaea",
		"sapUiDTICustomButtonOnDesktopBG": "rgba(54,62,67,0.96)",
		"sapUiListTableGroupHeaderTextColor": "#333",
		"sapUshellNavTreeIconSize": "1rem",
		"sapUiSwitchTextOff": "#666",
		"sapCaUiChartSemanticColor-Bad-Dark": "#a71926",
		"sapUiChartTargetShadowColor": "#fff",
		"min_condition": "and (min-width: 1600px)",
		"sapUiInputBaseErrorFont": "#cc1919",
		"query-phone": "screen and (max-width : 799px)",
		"query-tablet": "screen and (min-width : 800px) and (max-width : 1279px)",
		"sapUiDTICustomArrowHoverColor": "#24F28E",
		"sapUiBtnTextLinkDisabled": "rgba(0,103,158,0.5)",
		"sapField_BorderCornerRadius": "0",
		"searchResultSpacing": "1rem",
		"sapUshellRem": "16px",
		"sapDarkestBorderColor": "#000",
		"sapUshellDynamicTileBottomPhone": "1.5rem",
		"sapUshellTileContainerSpacing": "0.5rem",
		"sapUiDTICustomDialogWheelBG": "none",
		"sapUiNotificationBarHeight": "40px",
		"sapUiListActiveTextColor": "#333",
		"sapUiKeyboardFocus": "#0ccd6f",
		"sapUiToggleButtonPressedDisabledTextColor": "#ccc",
		"sapUiScrollBarFaceColor": "#e6e6e6",
		"sapUshellTileContainerCloneColor": "rgba(0,0,0,0.4)",
		"sapUiLinkInverted": "#1bb1ff",
		"sapUiMediaQuery_6Step_S": "screen and (min-width : 241px) and (max-width : 399px)",
		"sapUiTextInverted": "#fff",
		"sapUiListHeaderTextColor": "#000",
		"sapUiScrollBarTrackColor": "#f8f8f8",
		"sapUiSwitchAcceptRejectBG": "#fff",
		"sapUiUx3ShellGradientTop": "rgba(36,242,173,0.03)",
		"sapUiMediaQuery_6Step_M": "screen and (min-width : 400px) and (max-width : 540px)",
		"sapUiMediaQuery_6Step_L": "screen and (min-width : 541px) and (max-width : 767px)",
		"sapUiFieldBorderColor": "#bfbfbf",
		"sapUshellTileContainerCatalogGroupTitleMarginBottomPhone": "1.5rem",
		"sapUiButtonRejectHoverBorderColor": "#b51616",
		"sapUiUx3ShellApplicationImageURL": "none",
		"sapUshellOpenCatalogButtonBorderRadius": "0.5rem",
		"sapUiToolbarInfoBG": "#457aae",
		"sapUiBlockColorC": "rgb(239,244,249)",
		"sapUiBlockColorB": "rgb(250,250,250)",
		"sapUiPullToRefreshArrow": "#24F28E",
		"sapUiFontHeaderFamily": "Arial, Helvetica, sans-serif",
		"sapUiUfdShellHeadHeight": "48px",
		"sapUiBlockColorA": "rgb(255,255,255)",
		"sapUiLightestBorder": "#fff",
		"sapUiMediaQuery_6Step_XXL": "screen and (min-width : 960px)",
		"sapUiPopupButtonSeparator": "1px #000 solid",
		"sapBaseBorderColor": "#808080",
		"sapUiNotificationBarBG_IE": "#444",
		"sapUshellGroupListItemBackgroundColor": "#f2f2f2",
		"sapUiSliderHandleBGHover": "rgba(153,153,153,0.6)",
		"sapChart_Neutral": "#848f94",
		"sapField_BorderColor": "#bfbfbf",
		"sapUiBtnTextFooterDisabled": "rgba(255,255,255,0.5)",
		"sapUiButtonLiteActiveBackground": "#24F28E",
		"sapUiBlockColorD": "rgb(232,239,246)",
		"sapContent_BackgroundGradientStartColor": "#c9ae40",
		"sapUiSplitContainerMasterBG": "#fff",
		"sapUshellDynamicTileNumberFontSizePhone": "2rem",
		"sapUiNotificationBarHeightMinimized": "0px",
		"sapUshellNumberOfMaxTilesInARow": "8",
		"sapUiListTblHeaderBorder": "#ddd",
		"sapUiPositiveElement": "#007833",
		"sapUshellTileBorderColor": "#ccc",
		"sapUiLink": "#00679e",
		"sapUiActiveBG": "#e9fef4",
		"searchPhoneSize": "(max-width: 767px)",
		"sapUiNotifierSeparatorWidth": "1px",
		"sapUiButtonActionSelectBackground": "#363e43",
		"sapUshellCatalogHeaderMarginBottom": "1rem",
		"sapContent_ElementHeight": "1.37em",
		"sapUiChartGridlineColor": "#e5e5e5",
		"sapButton_Reject_Background": "#cc1919",
		"sapUiChartMainTitleFontSize": "1rem",
		"sapUshellTileBaseTextHighlightBgcolor": "#fffcb5",
		"sapCaUiChartAxisStroke": "#cdcdcd",
		"sapGroup_ContentBorderColor": "#ddd",
		"sapUshellImageTileHeightDesktop": "4.63rem",
		"sapMShellContentBG": "rgba(255,255,255,0.3)",
		"sapUiNegativeText": "#cc1919",
		"sapUshellTileContainerPlaceholderColor": "#fff",
		"sapMeOverlapCalendarIndicator": "#f27020",
		"sapField_Hover_Background": "#fff",
		"sapUiSliderHandleBorder": "#999",
		"sapUiActionSheetBorder": "#e5e5e5",
		"sapUiStandardText": "#000",
		"sapUiSplitContainerMasterFooterSeperator": "rgba(100,114,123,0.96)",
		"sapUiToggleButtonPressedBackground": "#24F28E",
		"stepUnderlineHeight": "0.125rem",
		"sapUiDTICustomButtonBG": "rgba(54,62,67,0.96)",
		"sapUiSwitchOffBorder": "#999",
		"sapUiBtnBGNegativeHover": "#b51616",
		"sapUshellViewPortRightTabletLandscapeWidth": "82%",
		"sapUshellShellHeadButtonBorderRadius": "0.13rem",
		"sapUiButtonTextColor": "#333",
		"sapUiChartPaletteSequentialHue2Light1": "#b6d957",
		"sapUiContentForegroundTextColor": "#000",
		"sapUiUx3ShellToolPaletteIconFontColor": "#8899aa",
		"sapUiGlobalBackgroundGradientStartColor": "#c9ae40",
		"sapUiInputBaseErrorBG": "#fbdfdf",
		"sapUiChartPaletteSemanticBad": "#d32030",
		"sapUiFieldPlaceholderTextColor": "#707070",
		"sapUiDTICustomFontFamily": "Arial, Helvetica, sans-serif",
		"sapUiBaseColor": "#808080",
		"sapUiChartPaletteSequentialHue2Light2": "#c6e17d",
		"sapUiChartPaletteSequentialHue2Light3": "#d7eaa2",
		"sapCaUiChartFontColor": "#000",
		"sapShell_BorderColor": "#999",
		"sapUiDTICustomShowLabel": "false",
		"sapUshellCatalogMenuBarHeight": "2.5rem",
		"sapUiBtnTextHeaderDisabled": "#333",
		"sapUiChart9": "#52bacc",
		"sapUiChart8": "#ccc5a8",
		"sapBlockLayer_Background": "#000",
		"sapUiChartCategoryAxisLabelFontHoverColor": "#333",
		"sapUiBtnBGTransparentDown": "#24F28E",
		"sapUiSliderHandleBG": "rgba(153,153,153,0.3)",
		"sapUiButtonLiteBorderColor": "transparent",
		"sapUiBaseBackground": "#808080",
		"sapUiChartPaletteQualitativeHue10": "#dbdb46",
		"sapCaUiChartToolBarIconSize": "1.375rem",
		"sapUiChartLabelHoverColor": "#f0f0f0",
		"sapUshellDashboardMargin": "auto",
		"sapUshellTileBaseTitleMaxHeightDesktop": "2.4rem",
		"sapUiBlackBG": "#000000",
		"sapPageFooter_TextColor": "#fff",
		"sapUiListBackground": "#fff",
		"sapUiChart2": "#b6d957",
		"sapUiContentLabelColor": "#666",
		"sapUiChart3": "#fac364",
		"sapUiChart1": "#5cbae6",
		"sapUiChartSequence1": "#27a3dd",
		"sapUiChart6": "#f2d249",
		"sapMFontLargeSize": "1rem",
		"sapUiChartSequence2": "#9dc62d",
		"sapUiChart7": "#93b9c6",
		"sapUiScrollBarSymbolColor": "#666",
		"sapUiChartSequence3": "#f8ac29",
		"sapUiChart4": "#8cd3ff",
		"sapUiChart5": "#d998cb",
		"sapUiButtonAcceptHoverBorderColor": "#005f28",
		"sapUiSelectArrowColor": "#666",
		"sapCaUiChartPopoverGroupFontWeight": "bold",
		"sapUiDeepText": "black",
		"sapButton_Emphasized_BorderColor": "#1d5804",
		"sapUiUfdShellOvrlyCntntInnerOpenAnimDelay": "308.33333333ms",
		"sapUiButtonActiveBackground": "#24F28E",
		"sapUshellTileContainerOffsetForBorder": "0rem",
		"sapUiButtonEmphasizedTextColor": "#fff",
		"sapList_HeaderBackground": "#f7f7f7",
		"sapUshellTwoPixels": "0.13rem",
		"sapUshellTileContainerDashboardGroupTitleFontFamily": "Arial, Helvetica, sans-serif",
		"sapUiChartPaletteQualitativeHue11": "#98aafb",
		"sapUiPageHeaderTextColor": "#666",
		"sapUiSelectListActiveBG": "#e9fef4",
		"sapUiBarBG": "#f2f2f2",
		"sapUiListBGHeader": "#e9fef4",
		"sapUiDTICustomSelectedItemBG": "#e9fef4",
		"sapUshellLoadingFlowerLeafBackgroundColor": "#009de0",
		"sapUiRespGridMedia_PhoneSize": "320px",
		"sapUiChartValueAxisLineOpacity": "0",
		"sapUiGroupTitleBackground": "transparent",
		"sapUiLightText": "#666",
		"sapLightShadowColor": "#fff",
		"sapUiFieldActiveTextColor": "#fff",
		"sapUiExtraDarkText": "#222",
		"sapUiLabelText": "#666",
		"sapUiChartPopoverGroupFontSize": "0.875rem",
		"sapUiChartPaletteSemanticNeutralDark2": "#5e686e",
		"sapUiChartPaletteSemanticNeutralDark1": "#6a757b",
		"sapUiMediaQuery_6Step_XS": "screen and (max-width : 240px)",
		"sapUiEmphasizedLine": "#24F28E",
		"sapUiMediaQuery_6Step_XL": "screen and (min-width : 768px) and (max-width : 959px)",
		"sapUiUfdShellHeadButtonHeight": "36px",
		"sapCriticalColor": "#d14900",
		"sapUiChartPopoverGroupFontColor": "#000",
		"sapUiLITextDisabled": "#666",
		"sapUiFooterBG": "rgba(54,62,67,0.96)",
		"sapUiChartPaletteSequentialNeutral": "#848f94",
		"sapUshellListItemBackgroundColor": "#f2f2f2",
		"SapDialogMarginWidth": "10%",
		"sapUiChartTitleFontWeight": "bold",
		"sapUiChartLegendLabelFontColor": "#000",
		"sapUiButtonAcceptTextColor": "#fff",
		"sapUiChartPaletteSemanticGoodDark1": "#4d8445",
		"sapUiChartPaletteSemanticGoodDark2": "#44743c",
		"sapDarkestBackground": "#000",
		"sapUshellTileContainerEditModeBGColor": "rgba(0,0,0,0.2)",
		"sapUiUfdShellOvrlyBrandHeight": "4px",
		"sapUiBtnBGPositive": "#007833",
		"sapGroup_Title_FontSize": "1.0em",
		"sapUiUx3ShellBackgroundColor": "#f2f2f2",
		"sapUiNegative": "#cc1919",
		"sapUiListTblPopinActiveBG": "#24F28E",
		"leftPaddingSpace": "1.5rem",
		"condition_min_max": "only screen and (min-width: 1600px) and (max-width: 1784px)",
		"sapUiRadioButtonSelectedColor": "#24F28E",
		"query-desktop": "screen and (min-width : 1280px)",
		"sapExtraLightBorderColor": "#e5e5e5",
		"sapChart_Good": "#61a656",
		"sapUshellOverflowArrowsUpperGradient": "rgba(0, 0, 0, 0)",
		"sapUiFieldWarningBackground": "#fffcb5",
		"sapUiLocalBusyIndicatorBG": "rgba(242,242,242,0.72)",
		"sapUshellShellHeadBGStartColor": "#f7f7f7",
		"sapUiChartPaletteSequentialNeutralLight2": "#bac1c4",
		"sapUiFieldHoverHelpBackground": "#24F28E",
		"sapUiChartPaletteSequentialNeutralLight1": "#9ea8ad",
		"sapUiErrorBG": "#fbdfdf",
		"sapUiChartPaletteSequentialNeutralLight3": "#d6dadb",
		"sapUiLineHeight": "18px",
		"sapUiRespGridCols": "12",
		"sapUiNeutralBG": "#e6f2f9",
		"sapCaUiChartBackgroundColor": "#fff",
		"sapUiPageHeaderBackground": "#f2f2f2",
		"sapButton_Disabled_TextColor": "#ccc",
		"width2": "100% - 1px",
		"sapUiChartScrollbarBorderColor": "#fff",
		"sapUiButtonHoverBorderColor": "#bfbfbf",
		"sapUiRespGridHidden": "sapUiRespGridHidden",
		"sapUiListHoverBackground": "#f0f0f0",
		"sapUiFieldBackground": "#fff",
		"sapUiChartScrollBarThumbColor": "#e6e6e6",
		"sapCaUiChartTitleFontSize": "16px",
		"sapUiFieldReadOnlyBorderColor": "transparent",
		"sapUshellTileContainerLinksAreaWidthTablet": "99.8%",
		"sapUiUfdShellHeadCenterAnimDuration": "200ms",
		"sapUiFontHeader2Size": "20px",
		"sapUiButtonEmphasizedDisabledBorderColor": "#1d5804",
		"sapDarkTextColor": "#333",
		"sapMFontHeader2Size": "1.500rem",
		"sapUshellShellCurtainBGEndColor_IE": "#fff",
		"sapUiBlockLayerColor": "#000",
		"sapUiShellBackground": "#fff",
		"sapUiSelectBGActive": "#24F28E",
		"sapCaUiChartFontWeight": "normal",
		"sapUiGlobalBackgroundImageOpacity": "1.0",
		"sapUiLocalBusyIndicatorSizeBig": "2rem",
		"sapUshellCatalogMenuBarPaddingTop": "0.44rem",
		"sapUiDTICustomHeaderText": "false",
		"sapUiGlobalLogo": "none",
		"sapUiPopupBorder": "1px rgba(153,153,153,0.6) solid",
		"sapUiSegmentedBtnBGSelectedHover": "#0eee82",
		"sapUiMediaQuery_Std_Desktop": "screen and (min-width : 1024px)",
		"sapUiListTblPopinBG": "rgba(255,255,255,0.8)",
		"sapUiBtnTextShadowDefault": "none",
		"sapCaUiChartToolBarTitleShadow": "#fff",
		"sapMediumTextColor": "#444",
		"sapUshellViewPortLeftDesktopWidth": "52%",
		"sapUiUfdShellCurtainBGEndColor_IE": "#fff",
		"sapContent_ForegroundTextColor": "#000",
		"sapUiNotifierWidth": "40px",
		"sapUiUfdShellHeadBGStartColor": "#fff",
		"sapUiButtonAcceptActiveBackground": "#00451d",
		"sapField_Disabled_BorderColor": "#d9d9d9",
		"sapUiFontHeader6Size": "13px",
		"sapUiNotificationBarHeightMaximized": "40%",
		"sapUiFontSmallSize": "11px",
		"sapUiListSelectionHoverBackground": "#dafded",
		"sapUiSegmentedBtnBGHover": "rgba(196,196,196,0.5)",
		"sapMTitleColor": "#333",
		"searchResultListPreviewBG": "#defdee",
		"sapField_ReadOnly_HelpBackground": "transparent",
		"sapShellColor": "transparent",
		"sapUiUx3ShellHoverColor": "#777",
		"sapSuccessBackground": "#e0f1e7",
		"sapUshellNavTreeListItemHeight": "3rem",
		"sapUiChartPaletteUndefinedColor": "#000",
		"sapShell_TextColor": "#000",
		"closeButtonSize": "2.5rem",
		"sapUiPanelBG": "#fff",
		"sapUiRIIconColor": "#f0ab00",
		"sapUiDesktopFontSize": "12px",
		"sapUiButtonFooterHoverBackground": "rgba(234,234,234,0.1)",
		"sapUiChartBubbleBGOpacity": "0.8",
		"sapUiFieldDisabledBorderColor": "#d9d9d9",
		"sapUiMediumAltBG": "#b8ccc5",
		"sapUiSLIIconColorActive": "#fff",
		"sapUiUx3ToolPopupShadow": "0 0 30px rgba(0,0,0,0.2)",
		"sapUiInfoTop": "false",
		"sapList_SelectionBackgroundColor": "#e9fef4",
		"sapUiDarkShadowTint": "#000",
		"sapUiListVerticalBorderColor": "#ddd",
		"sapUiUfdShellCurtainBGStartColor_IE": "#fff",
		"sapUiFieldRequiredColor": "#24F28E",
		"sapUiExtraLightBorder": "#e5e5e5",
		"sapField_Disabled_HelpBackground": "#f9f9f9",
		"sapUiListTblIconSize": "1rem",
		"sapMeTabIconPeople": "group",
		"sapUshellTileFooterLineHeight": "inherit",
		"sapUshellImageTileBottomDesktop": "2.13rem",
		"sapUshellAnchorNavigationBarPaddingTop": "1rem",
		"sapUiHeaderBG": "#f2f2f2",
		"sapUiSegmentedBtnText": "#00679e",
		"sapUshellNavTreeHoverSelected": "#006CA7",
		"sapUiRespGridMedia_Desktop": "sapUiRespGridMedia-Std-Desktop",
		"sapPageFooter_Background": "#363e43",
		"sapUiChartValueAxisLabelFontSize": "0.75rem",
		"sapUiDTICustomDialogWheelsBG": "none",
		"sapUiGlobalStrongBackgroundTextContrastColor": "none",
		"sapDarkBackground": "#777",
		"sapCaUiChartToolBarBackground": "#fff",
		"sapUshellViewPortLeftTabletPortraitWidth": "90%",
		"sapBackgroundImageRepeat": "true",
		"searchLayoutRightWidth": "17rem",
		"sapBackgroundGradientBaseColor": "#BAAF21",
		"sapUshellAnchorItemsPopoverMaxWidth": "20rem",
		"sapUshellTileFooterBorder": "#bfbfbf",
		"sapUiUfdShellHeaderBarHeight": "44px",
		"sapPositiveElementColor": "#007833",
		"sapUiMnuItmHeight": "2rem",
		"sapUiChartPaletteSemanticNeutralLight1": "#9ea8ad",
		"sapUshellCatalogSelectorLabelPaddingLeft": "1rem",
		"sapUiUfdShellHeadButtonBorderRadius": "2px",
		"sapUiChartPaletteSemanticNeutralLight2": "#bac1c4",
		"sapCompanyLogo": "none",
		"SapBarHeight": "3rem",
		"sapUiChartPaletteSemanticNeutralLight3": "#d6dadb",
		"sapContent_ContrastTextThreshold": "0.65",
		"sapCaUiChartSemanticColor-Neutral": "#848f94",
		"sapUiListHighlightColor": "#24F28E",
		"sapUshellTileContainerDashboardGroupTitleFontSizePhone": "1.125rem",
		"sapUshellAnchorItemsPopoverHeight": "20rem",
		"sapTile_TextColor": "#333",
		"sapUiSelectArrowBGHover": "#f0f0f0",
		"sapUiFeedInputBG": "#fff",
		"sapUshellTileBaseTitleColor": "#333",
		"sapUiUx3ExactLstRootExpandOffset": "0 3",
		"sapUiButtonLiteHoverBackground": "rgba(222,222,222,0.5)",
		"sapUiChartBackgroundColor": "#fff",
		"sapUshellAnchorItemPaddingRight": "1rem",
		"sapContent_BackgroundGradientMixedStartColor": "#f7f3e2",
		"sapUiFieldReadOnlyHelpBackground": "transparent",
		"sapUiSLIIconColor": "#666",
		"sapUiHoverBG": "#e9fef4",
		"sapUiNotificationBarBG": "rgba(51,51,51,0.98)",
		"sapPageHeader_TextColor": "#666",
		"sapUiCriticalElement": "#d14900",
		"sapUiChartPaletteQualitativeHue4": "#8cd3ff",
		"sapUiChartPaletteQualitativeHue5": "#d998cb",
		"sapUiChartPaletteQualitativeHue6": "#f2d249",
		"sapUshellTileContainerDashboardGroupTitleFontSizeDesktop": "1.500rem",
		"sapUiChartPaletteQualitativeHue7": "#93b9c6",
		"condition": "only screen and (min-width: 1600px)",
		"sapUiChartPaletteQualitativeHue1": "#5cbae6",
		"sapUiChartPaletteQualitativeHue2": "#b6d957",
		"sapUiNeutralBorder": "#007cc0",
		"sapUiChartPaletteQualitativeHue3": "#fac364",
		"sapUshellTileBackgroundColor": "#fff",
		"sapButton_BorderColor": "#bfbfbf",
		"sapUiFooterText": "#fff",
		"sapUiChartPaletteQualitativeHue8": "#ccc5a8",
		"sapUiCriticalText": "#d14900",
		"sapUiTextTitleColor": "green",
		"sapUiChartPaletteQualitativeHue9": "#52bacc",
		"sapLightBackground": "#e5e5e5",
		"sapCaUiChartAxisGridlineColor": "#cdcdcd",
		"sapChart_OrderedColor_10": "#dbdb46",
		"sapChart_OrderedColor_11": "#98aafb",
		"sapUshellViewPortRightTabletPortraitWidth": "85%",
		"sapUiChartBad": "#d32030",
		"sapUiRespGridCols-1": "11",
		"sapErrorBackground": "#fbdfdf",
		"sapUiBtnBGNegativeDown": "#9f1313",
		"sapUiChartAxisTitleFontColor": "#000",
		"sapUshellShellHeadBGEndColor": "#ededed",
		"sapUiToolbarSeparatorBG": "#bfbfbf",
		"sapUiInvertedElement": "#fff",
		"sapButton_Background": "#f7f7f7",
		"sapUshellShellHeadButtonHeight": "2.25rem",
		"sapNeutralBackground": "#e6f2f9",
		"sapUiLightBorder": "#ddd",
		"sapUiInfobarHoverBackground": "#396691",
		"sapUiMnuItmPaddingCozy": "1rem",
		"sapHelpHighlightColor": "#3f8600",
		"sapUiUfdShellOvrlySearchOpenAnimDuration": "525ms",
		"sapUiSplitContainerMasterBorder": "1px solid rgba(0, 0, 0, 0.15)",
		"sapUshellTileBaseTitleFontWeight": "normal",
		"sapBackgroundColor": "#f2f2f2",
		"sapUiDTICustomFooterBG": "rgba(54,62,67,0.96)",
		"sapUiSelectIconBorderColor": "#bfbfbf",
		"sapUiBtnBGEmphasizedBorder": "#1d5804",
		"sapUiLITextSec": "#666",
		"sapUiContentForegroundColor": "#e5e5e5",
		"sapUshellNumberOfMinTilesInARowPhone": "2",
		"sapUiChartPaletteSequentialHue1Dark2": "#156489",
		"sapUiChartPaletteSequentialHue1Dark1": "#1b7eac",
		"sapField_WarningColor": "#f0ab00",
		"sapUiButtonFooterTextColor": "#fff",
		"sapUiChartLightText": "#707070",
		"sapUshellTileBaseSubtitleFontWeight": "normal",
		"sapMeTabIconNotes": "notes",
		"sapUiLIText": "#333",
		"sapUiUx3ToolPopupInverted": "false",
		"sapUiSegmentedButtonBackground": "#fff",
		"sapUshellToolAreaItemHoverBG": "#45596a",
		"sapUshellTilePlaceHolderBorder": "0.125rem",
		"sapUiRespGridMedia_Phone": "sapUiRespGridMedia-Std-Phone",
		"sapUiListFooterBackground": "#f7f7f7",
		"sapUiLightestBGHover": "#f0f0f0",
		"sapActiveColor": "#257005",
		"sapUiChartValueAxisTickColor": "#343434",
		"sapUiRespGridMedia_Tablet": "sapUiRespGridMedia-Std-Tablet",
		"sapUshellOnePixel": "0.07rem",
		"sapMTitleSize6": "0.875rem",
		"sapUiButtonDisabledBackground": "#f5f5f5",
		"sapUiGroupFooterBackground": "transparent",
		"sapUiSegmentedButtonActiveTextColor": "#00679e",
		"sapUiListBG": "#fff",
		"sapLightestBorderColor": "#fff",
		"sapUiFieldWarningColor": "#f0ab00",
		"sapUiFormSubTitleSize": "H3",
		"sapUiCalloutShadow": "0 0 30px rgba(0,0,0,0.2)",
		"sapMTitleSize1": "1.750rem",
		"sapMeTabIconInfo": "hint",
		"sapMTitleSize2": "1.500rem",
		"sapMTitleSize3": "1.250rem",
		"sapMTitleSize4": "1.125rem",
		"sapUshellTileShadowWidth": "0.25rem",
		"sapMTitleSize5": "1rem",
		"sapUshellGroupListFontFamily": "Arial, Helvetica, sans-serif",
		"sapUiShellTextColor": "#000",
		"sapUshellShellHeadButtonOutlineWidth": "0.07rem",
		"sapUiListTextColor": "#333",
		"sapUiExtraLightText": "#707070",
		"sapBackgroundImage": "none",
		"sapUiSegmentedBtnBGActive": "#24F28E",
		"sapUshellCatalogSelectorLabelPaddingRight": "3rem",
		"sapUshellTileContainerEditModeBGColorHover": "rgba(0,0,0,0.2)",
		"SapDialogMarginHeight": "7%",
		"sapUiFontFamily": "Arial, Helvetica, sans-serif",
		"sapUiButtonActiveTextColor": "#333",
		"sapField_Focus_HelpBackground": "#fff",
		"sapUiSwitchOnHoverBG": "#0eee82",
		"sapUiHighlightText": "#000",
		"sapUiSegmentedButtonIconColor": "#666",
		"sapButton_Hover_BorderColor": "#bfbfbf",
		"sapUiMarginMedium": "2rem",
		"sapObjectHeader_Background": "#fff",
		"sapUiSwitchOnBG": "#24F28E",
		"sapDarkBorderColor": "#bfbfbf",
		"sapUiListHeaderText": "#666",
		"sapUshellTileSpacingBottomDesktop": "1rem",
		"sapExtraDarkTextColor": "#222",
		"sapUiChartPaletteSemanticGoodLight3": "#bedbba",
		"sapUiUfdShellOvrlyCntntOpenAnimDuration": "350ms",
		"sapUiChartPaletteSemanticGoodLight2": "#9fca98",
		"sapUiChartPaletteSemanticGoodLight1": "#80b877",
		"sapUiUx3ToolPopupArrowHeight": "24px",
		"sapLinkColor": "#00679e",
		"sapUiBtnBGPositiveDisabled": "rgba(0,120,51,0.5)",
		"sapUiSegmentedBtnIconDark": "#666",
		"sapUiListGroupHeaderBackground": "#f7f7f7",
		"sapUiActionSheetOnDesktopBG": "rgba(54,62,67,0.96)",
		"sapUshellDynamicTileNumberFontSizeDesktop": "3rem",
		"sapUiCalendarColorToday": "#ffc51c",
		"sapUiBrand": "#257005",
		"sapUiUfdShellOvrlyCntntInnerOpenAnimDuration": "175ms",
		"sapUshellListItemBorderBottom": "0.07rem solid #ddd",
		"sapContent_ContrastTextColor": "#fff",
		"sapUiChartReferenceLineColor": "#343434",
		"sapCaUiChartBackgroundStroke": "#cdcdcd",
		"sapCaUiChartToolBarTitleFontFamily": "Arial, Helvetica, sans-serif",
		"sapUiButtonRejectHoverBackground": "#b51616",
		"sapMediumBorderColor": "#ccc",
		"sapCaUiChartPopoverCloseIconSize": "38px",
		"sapUiChartPaletteSequentialHue1": "#27a3dd",
		"sapUiButtonHoverTextColor": "#333",
		"sapUshellToolAreaItemBG": "#3f5161",
		"sapUiFieldInvalidBackground": "#fbdfdf",
		"sapUiChartPaletteSequentialHue2": "#9dc62d",
		"sapUiLIBorder": "#e5e5e5",
		"sapNeutralElementColor": "#007cc0",
		"sapUiChartPaletteSequentialHue3": "#f8ac29",
		"sapUiToggleButtonPressedHoverBackground": "#0eee82",
		"sapUiUfdShellOvrlyCntntCloseAnimDuration": "350ms",
		"sapBaseBackground": "#808080",
		"sapUiBtnTextStandardDisabled": "rgba(51,51,51,0.5)",
		"sapUiListTblTextSize": "0.875rem",
		"sapUiToggleBtnPressedHover": "#0eee82",
		"sapUshellTileTextColor": "#333",
		"sapUiToggleButtonPressedHoverBorderColor": "#0eee82",
		"sapUiBtnActionSelectBG": "rgba(54,62,67,0.96)",
		"sapList_BorderColor": "#e5e5e5",
		"sapCaUiChartToolBarFullscreenBackground": "#f2f2f2",
		"sapUiListActiveBackground": "#24F28E",
		"sapUshellCatalogSelectorBorderWidth": "0.07rem",
		"sapUiButtonEmphasizedHoverBorderColor": "#1d5804",
		"sapUiInputBaseWarningBG": "#fffcb5",
		"sapUiButtonHeaderTextColor": "#333",
		"sapUshellTileFooterTextAlignment": "center",
		"sapUiFieldFocusBackground": "#fff",
		"sapUshellTileLongHeightPhone": "9rem",
		"sapUiUfdShellOvrlyCntntOpenAnimDelay": "75ms",
		"sapUiLocalBusyIndicatorSizeMedium": "1rem",
		"sapUiShadow": "0px 4px 17px rgba(0, 0, 0, 0.4)",
		"sapUiInputBaseFont": "Arial, Helvetica, sans-serif",
		"sapUiSegmentedBtnIconLight": "#fff",
		"sapUshellPlusTileIconColor": "#fff",
		"sapUshellViewPortRightPhonePortraitWidth": "90%",
		"sapUiBaseBG": "#f2f2f2",
		"sapUiFieldDisabledBackground": "#f9f9f9",
		"sapList_Hover_Background": "#f0f0f0",
		"sapUiInvertedFocus": "#fff",
		"sapUiButtonLiteHoverBorderColor": "rgba(222,222,222,0.5)",
		"sapUshellTileBasePaddingPhoneHorizontal": "0.375rem",
		"sapPageHeader_Background": "#f2f2f2",
		"sapUiFormContainerExpImageDownURL": "/img/form/Maximize.png",
		"sapUiDarkAltBG": "#727876",
		"sapUiEscapedEmptyString": "",
		"sapUiInputBaseSuccess": "#008a3b",
		"sapUiToolbarInfoActiveBG": "#125698",
		"sapUshellShellCurtainBGStartColor_IE": "#fff",
		"sapUiPositiveBG": "#007833",
		"sapUiButtonEmphasizedBorderColor": "#1d5804",
		"sapUiNotificationTimestamp": "#ababab",
		"sapUiButtonDisabledBorderColor": "#d9d9d9",
		"sapUiActive": "#257005",
		"sapCaUiChartToolBarIconColor": "#666",
		"sapContent_BackgroundGradientMiddleColor": "#BAAF21",
		"sapUiChoroplethBG": "#f7f7f8",
		"query-4k": "screen and (min-width : 3600px)",
		"sapUiTableRowSelectionBG": "#d1e9f4",
		"sapUshellPlusTileIconFontSize": "1.8em",
		"sapUiTextDisabled": "#999",
		"sapUshellImageTileHeightPhone": "3.13rem",
		"sapUiSegmentedButtonSelectedHoverBorderColor": "#0eee82",
		"sapUshellCatalogSelectWidthDesktop": "17rem",
		"sapUiUx3ShellBackgroundImageURL": "none",
		"sapUiChartSequenceNeutral": "#848f94",
		"sapUiLIActive": "#24F28E",
		"sapShell_Background": "#fff",
		"sapUiLISelected": "#e9fef4",
		"sapUiContentForegroundBorderColor": "#bfbfbf",
		"sapUiDTICustomHeight": "48",
		"sapUiLightShadowTint": "#fff",
		"sapBaseColor": "#808080",
		"sapUiHelpHighlight": "#3f8600",
		"sapUiUfdShellOvrlyOpenAnimOverAll": "483.33333333ms",
		"sapUiChartMainTitleFontColor": "#333",
		"sapCaUiChartSemanticColor-Critical-Dark": "#b96319",
		"sapUiChartCategoryAxisLabelFontSize": "0.75rem",
		"sapUiInfobarActiveBackground": "#2f5477",
		"sapErrorBorderColor": "#e52929",
		"sapUiTextTitle": "#333",
		"sapUiTableRowSelectionReadOnlyBG": "#c9e1ed",
		"sapMFontHeader4Size": "1.125rem",
		"sapUshellPlusTileBoxColorBackgroundHover": "rgba(255,255,255,0.6)",
		"sapUshellTileContainerCatalogGroupTitleFontFamily": "Arial, Helvetica, sans-serif",
		"sapAccentColor1": "#f0ab00",
		"sapAccentColor2": "#f27020",
		"sapAccentColor3": "#e52929",
		"sapUiListFooterText": "#666",
		"sapAccentColor4": "#ab218e",
		"sapUiButtonStandardBG": "#f7f7f7",
		"sapUiButtonEmphasizedTextShadow": "rgba(0,0,0,0.5)",
		"sapAccentColor5": "#007cc0",
		"sapAccentColor6": "#008a3b",
		"sapList_Background": "#fff",
		"sapUiButtonHeaderDisabledTextColor": "#333",
		"sapAccentColor8": "#009de0",
		"sapAccentColor7": "#004990",
		"sapUiLIDetailColor": "#666",
		"sapUiTileTextColor": "#333",
		"sapUiButtonActionSelectBorderColor": "#64727b",
		"readIconSize": "0.5rem",
		"sapUiBtnBGEmphasizedDisabled": "rgba(37,112,5,0.5)",
		"sapField_RequiredColor": "#24F28E",
		"sapWarningBorderColor": "#f0ab00",
		"sapUiButtonDisabledTextColor": "#ccc",
		"sapUshellTileCursor": "pointer",
		"searchNotPhoneSize": "(min-width: 768px)",
		"sapUiPageHeaderBorderColor": "#ddd",
		"sapUiSegmentedButtonBorderColor": "#dedede",
		"sapUiGlobalBackgroundImageOpacityDefault": "1",
		"searchResultListItemButtonColorOpen": "#24F28E",
		"sapUiSegmentedButtonTextColor": "#00679e",
		"sapMeCalendarLegendIconCollapse": "collapse",
		"sapUiButtonRejectTextColor": "#fff",
		"sapUiBtnIconHeader": "#666",
		"sapUiButtonAcceptHoverBackground": "#005f28",
		"sapContent_BackgroundGradientMixedMiddleColor": "#f5f3de",
		"sapChart_Critical": "#e17b24",
		"sapList_HighlightColor": "#24F28E",
		"sapUiGroupContentBorderColor": "#ddd",
		"sapUiPopoverContBG": "#fff",
		"sapUiChartPaletteSemanticCritical": "#e17b24",
		"sapUiDTICustomButtonHoverBG": "#24F28E",
		"sapUiDarkFocusColor": "#0ccd6f",
		"sapUshellTileLongWidthDesktop": "23.5rem",
		"sapCaUiChartPopoverItemFontColor": "#000",
		"sapUshellTileSpacingDesktop": "0.5rem",
		"sapUshellTileBaseBottomlineFontWeight": "normal",
		"sapUshellTileHeightPhone": "9rem",
		"sapUiBtnBGEmphasizedDown": "#153f03",
		"sapUiButtonAcceptDisabledBackground": "#007833",
		"sapNegativeTextColor": "#cc1919",
		"sapUiDTICustomArrowColor": "#666",
		"sapUiNeutralElement": "#007cc0",
		"sapUiBlack": "#000",
		"sapUshellTileBaseIconFontSizePhone": "1.5rem",
		"condition_max": "only screen and (max-width: 465.6px)",
		"sapUiHighlight": "#24F28E",
		"sapUiFieldHoverBackground": "#fff",
		"sapUshellTileHeightDesktop": "11rem",
		"sapScrollBar_BorderColor": "#e6e6e6",
		"sapUiSubHeaderBG": "#fcfcfc",
		"sapUshellShellHeadHeight": "3rem",
		"sapUshellTileBorderRadiusDesktop": "0.25rem",
		"sapGroup_TitleTextColor": "#333",
		"sapCaUiChartToolBarActiveIconColor": "#fff",
		"sapCaUiChartPopoverGroupFontFamily": "Arial, Helvetica, sans-serif",
		"sapUshellCatalogSelectorLabelPaddingTop": "0",
		"sapUiToolbarBG": "rgba(229,229,229,0)",
		"sapUshellTileBaseBottomlineLineHeightDesktop": "1.38rem",
		"sapUiSelectListLightestBG": "#fff",
		"sapUiChartCategoryAxisLineColor": "#343434",
		"sapUiButtonAcceptDisabledBorderColor": "#005f28",
		"sapToolbar_Background": "transparent",
		"sapUiSegmentedBtnFooterHover": "rgba(234,234,234,0.1)",
		"sapUshellTileBasePaddingDesktopVertical": "0.5rem",
		"sapUiDTICustomDisplay": "bubble",
		"sapUiChartCritical": "#e17b24",
		"max_condition": "and (max-width: 1784px)",
		"sapUiGlobalLogoDefault": "none",
		"sapCaUiChartPopoverCloseIconColor": "#666",
		"sapUiPositiveText": "#007833",
		"sapUiListFooterTextColor": "#666",
		"sapUiTileBackground": "#fff",
		"sapUiChart10": "#dbdb46",
		"sapUiDarkestBorder": "#000",
		"sapUshellTileSpacingPhone": "0.45rem",
		"sapUiText": "#000",
		"sapPositiveColor": "#007833",
		"sapUiListSelectionBackgroundColor": "#e9fef4",
		"sapUiChartScrollBarTrackColor": "#f8f8f8",
		"sapUiChart11": "#98aafb",
		"sapUiBackgroundImage": "none",
		"sapUiToggleBtnPressed": "#24F28E",
		"sapUshellToolAreaItemWidth": "15rem",
		"sapMShellMinWidthForLogoAside": "1480px",
		"sapScrollBar_Dimension": "16px",
		"sapUiSelectLabelTextColorPressed": "#fff",
		"sapUiSegmentedBtnBorder": "#dedede",
		"searchResultListItemButtonColor": "#ccc",
		"sapUiBtnTextPositiveDisabled": "rgba(255,255,255,0.5)",
		"sapUiMessageToastTextColor": "#fff",
		"sapUshellCatalogSelectorLabelPaddingBottom": "0",
		"sapInfobar_Background": "#457aae",
		"sapUshellTileBaseSubtitleFontFamily": "Arial, Helvetica, sans-serif",
		"sapUshellListItemHoverBackgroundColor": "#e2ecf3",
		"max": "1784px",
		"sapUiChartPaletteSemanticNeutral": "#848f94",
		"sapUiGlobalBackgroundRepeat": "true",
		"sapUiMediumBorder": "#ccc",
		"sapList_HeaderBorderColor": "#ddd",
		"sapUiFieldActiveBorderColor": "#24F28E",
		"sapButton_Disabled_BorderColor": "#d9d9d9",
		"sapUiToolbarBorder": "#ccc",
		"sapUiSelectListMediumBorder": "#ccc",
		"sapUiDTICustomRows": "5",
		"sapUiDTICustomHeaderBG": "#f2f2f2",
		"sapUiListSingleSelectMasterAsActive": "false",
		"sapUiSearchHighlight": "#fffcb5",
		"sapUiChartAxisTitleFontSize": "0.875rem",
		"sapMShellAppWidthLimitBy2": "640px",
		"sapUiSelectIconColor": "#666",
		"sapUiBtnTextEmphasizedDisabled": "rgba(255,255,255,0.5)",
		"searchResultSpacingPhone": "0.75rem",
		"sapUiMarginTiny": "0.5rem",
		"sapUiWhiteBG": "#fff",
		"sapUiButtonNegativeBG": "red",
		"sapUiSelectListBorder": "#bfbfbf",
		"sapUshellTileContainerCatalogGroupTitleMarginTopPhone": "1rem",
		"sapUshellDashboardPaddingBottom": "1rem",
		"sapUiDTICustomSelectedItemText": "#000",
		"sapUiFieldReadOnlyBackground": "transparent",
		"sapUiBtnIcon": "#666",
		"sapUiYellow": "#f0ab00",
		"sapUiLICounter": "#007cc0",
		"sapUiNotifierHoverColor": "#24F28E",
		"sapUiFontHeader4Size": "16px",
		"sapUiListTableFooterBorder": "#ccc",
		"sapExtraLightBackground": "#f2f2f2",
		"sapUshellTileBaseSubtitleColor": "#666",
		"sapUiUx3ToolPopupArrowWidth": "13px",
		"sapUiGroupTitleBorderColor": "#ccc",
		"sapUshellAnchorItemsPopoverMinWidth": "10rem",
		"sapUiUfdShellOvrlySearchCloseAnimDuration": "525ms",
		"sapUiButtonRejectActiveBackground": "#9f1313",
		"sapUiMediaQuery_4Step_XL": "screen and (min-width : 960px)",
		"sapUiSelectBorderColor": "#bfbfbf",
		"sapUiBtnActionSelectBGTransparentHover": "rgba(68,78,84,0.96)",
		"sapUiBtnTextShadowEmphasized": "rgba(0,0,0,0.5)",
		"sapUiGlobalBackgroundGradientEndColor": "#7f9c25",
		"sapUiMediaQuery_Std_Tablet": "screen and (min-width : 600px) and (max-width : 1023px)",
		"sapUshellTileContainerCatalogGroupTitleMarginTopDesktop": "1rem",
		"sapUiBtnBGEmphasizedHover": "#1d5804",
		"sapUiLITextInverted": "#fff",
		"sapContent_MonospaceFontFamily": "lucida console, monospace",
		"sapUiActionSheetBG": "rgba(54,62,67,0.96)",
		"sapMPlatformDependent": "false",
		"sapUiListTblBG": "rgba(255,255,255,0.8)",
		"sapUiFormContainerColImageDownURL": "/img/form/Minimize.png",
		"sapMUiScrollBarBorderColor": "#fff",
		"sapUiBusyDlgSimpleIndicatorBorder": "rgba(255,255,255,0.1)",
		"sapUiSelectBG": "#fff",
		"sapUiChartReferenceLineLabelColor": "#000",
		"sapUiRespGridVisible": "sapUiRespGridVisible",
		"sapUiToggleButtonPressedDisabledBorderColor": "#0eee82",
		"sapUiUfdShellOvrlyCntntInnerCloseAnimDelay": "0",
		"sapCaUiChartToolBarTitleFontSize": "1rem",
		"sapUiTableRowHoverBG": "#e9fef4",
		"sapUiErrorBorder": "#e52929",
		"sapUiBtnBGPositiveHover": "#005f28",
		"sapUshellBaseColorOfLeavesForSandbox": "#259183",
		"sapUiButtonEmphasizedHoverBackground": "#1d5804",
		"sapUiInputBaseFocus": "#24F28E",
		"sapUiMessageToastTextShadow": "#000",
		"sapUiNotifierSeparator": "#000",
		"sapList_HeaderTextColor": "#000",
		"sapUiWhite": "#fff",
		"sapUiSegmentedButtonSelectedBackground": "#24F28E",
		"searchResultImageInnerWidth": "4rem",
		"sapSearchHighlightColor": "#fffcb5",
		"sapUiToolbarBackground": "transparent",
		"sapUiSwitchBorderColorHover": "#24F28E",
		"sapUshellViewPortRightPhoneLandscapeWidth": "85%",
		"sapUiInputBaseText": "#000",
		"sapUiSegmentedButtonSelectedIconColor": "#666",
		"sapUiDTICustomDialogBorder": "#999",
		"sapUiBtnBGNegativeDisabled": "rgba(204,25,25,0.5)",
		"sapUshellTileBaseBottomlineFontSizeDesktop": "0.875rem",
		"sapUiUx3ExactLstContentTop": "25px",
		"sapNegativeColor": "#cc1919",
		"sapHighlightColor": "#24F28E",
		"sapGroup_TitleBorderColor": "#ccc",
		"sapUiBtnBGStandardDown": "#24F28E",
		"sapUiPageFooterTextColor": "#fff",
		"sapUiButtonLiteBackground": "transparent",
		"sapUiListBorderColor": "#e5e5e5",
		"sapContent_BackgroundGradientMixedEndColor": "#ecf0de",
		"sapUiChartPopoverDataItemFontColor": "#000",
		"sapUshellTileBaseSubtitleFontSizeDesktop": "0.875rem",
		"sapUiSegmentedButtonFooterBorderColor": "#64727b",
		"sapSuccessBorderColor": "#008a3b",
		"sapUshellTileContainerLinksAreaWidthPhone": "98%",
		"sapUiUx3TPPaddingBottom": "50px",
		"sapUshellTileBaseIconBottomDesktop": "2rem",
		"sapUiBtnBGTransparentHover": "rgba(222,222,222,0.5)",
		"sapUshellShellHeadCenterAnimDelay": "30ms",
		"sapUiChartPaletteSemanticCriticalDark1": "#b96319",
		"sapUshellTileBaseSubtitleLineHeightDesktop": "1.375rem",
		"sapUiLIDelColor": "#cc1919",
		"sapUiChartPaletteSemanticCriticalDark2": "#a25716",
		"sapUshellGroupListBackgroundColor": "#f2f2f2",
		"sapUiFooterOnDesktopBG": "rgba(54,62,67,0.96)",
		"sapUiBlockLayerBackground": "#000",
		"sapUiTranslucentBGOpacity": "80%",
		"sapUiChartDataPointBorderColor": "#fff",
		"sapUiChartCategoryAxisLabelFontPressedColor": "#333",
		"sapUshellNavTreeParentBG": "#f2f2f2",
		"sapUiToolbarSolidBG": "#f7f7f7",
		"sapUiUx3ShellHeaderColor": "transparent",
		"sapUiButtonEmphasizedBackground": "#257005",
		"sapScrollBar_TrackColor": "#f8f8f8",
		"sapUshellPlusTileIconColorHover": "#fff",
		"sapExtraDarkBackground": "#333",
		"sapUiLIDetailIcon": "true",
		"sapFontFamily": "Arial, Helvetica, sans-serif",
		"sapUshellLinksSpacing": "0.5rem",
		"sapUiUfdShellHeadButtonInnerSpace": "9px",
		"sapPageHeader_BorderColor": "#ddd",
		"sapUshellShellHeadCenterAnimDuration": "200ms",
		"sapUiChartDataPointNotSelectedBackgroundOpacity": "0.6",
		"sapDarkFocusColor": "#0ccd6f",
		"sapUiButtonEmphasizedDisabledBackground": "#257005",
		"sapUiButtonEmphasizedBG": "#257005",
		"sapMSwitch-OFFPOSITION": "0",
		"sapUiSelectLabelTextColor": "#000",
		"sapUiSegmentedButtonFooterHoverBackground": "rgba(234,234,234,0.1)",
		"sapUiSelectArrowBGActive": "#24F28E",
		"sapUshellViewPortLeftPhonePortraitWidth": "90%",
		"sapUshellNumberOfMaxTilesInARowTablet": "5",
		"sapUiDTICustomWidth": "64",
		"sapUiPopupBoxShadow": "0px 0px 30px 2px rgba(0,0,0,0.15)",
		"sapUiFontHeader1Size": "26px",
		"sapUshellTileWidthPhone": "9.25rem",
		"sapUiUfdShellBrandHeight": "4px",
		"sapUiChartLabelFontWeight": "normal",
		"sapUiBlue": "#007cc0",
		"sapUshellTileLongWidthPhone": "19rem",
		"sapUiMediaQuery_4Step_M": "screen and (min-width : 520px) and (max-width : 759px)",
		"sapUiChartPopoverDataItemFontSize": "0.875rem",
		"sapUiMediaQuery_4Step_L": "screen and (min-width : 760px) and (max-width : 959px)",
		"sapUiMediaQuery_4Step_S": "screen and (max-width : 519px)",
		"sapPositiveTextColor": "#007833",
		"sapUiChartScrollbarThumbPadding": "0",
		"sapUiRespGridMedia_DesktopSize": "1024px",
		"sapUiLocalBusyIndicatorColor": "#257005",
		"sapUiUfdShellOvrlyCntntInnerCloseAnimDuration": "175ms",
		"sapMShellAppWidthLimitPlusPadding": "1296px",
		"sapUshellImageTileWidthPhone": "8rem",
		"sapUshellTileBasePaddingDesktopHorizontal": "0.5rem",
		"sapUiMarginSmall": "1rem",
		"sapScrollBar_Hover_FaceColor": "#dedede",
		"sapUiTableRowBG": "#fff",
		"sapUiRespGridMedia_XLSize": "1440px",
		"sapUshellTileBorderRadiusPhone": "0.25rem",
		"sapUiChartValueAxisLabelFontColor": "#333",
		"sapUiListTableGroupHeaderBackground": "#f2f2f2",
		"sapMFontHeader5Size": "1rem",
		"sapUshellGroupListItemPlaceholderHeight": "3rem",
		"sapUiAccent7": "#004990",
		"sapUshellTileContainerCatalogGroupTitleFontWeight": "normal",
		"sapUiAccent6": "#008a3b",
		"sapUiAccent5": "#007cc0",
		"sapUiBusyLight": "#fff",
		"sapUiAccent4": "#ab218e",
		"sapUiRespGridOneCol": "8.33333333%",
		"sapUiAccent3": "#e52929",
		"sapUiAccent2": "#f27020",
		"sapUiPageFooterBorderColor": "#64727b",
		"sapUiAccent1": "#f0ab00",
		"condition_min": "only screen and (min-width: 1600px)",
		"leftIconsSpace": "2rem",
		"sapUiAccent8": "#009de0",
		"sapUiSelectArrowColorActive": "#fff",
		"sapUiPopupBorderRadius": "2px",
		"sapUiSwitchOnBorder": "#24F28E",
		"sapUiButtonEmphasizedActiveBackground": "#153f03",
		"sapUshellTileBaseSubtitleLineHeightPhone": "1.125rem",
		"sapButton_BorderCornerRadius": "2px",
		"sapField_SuccessBackground": "#e0f1e7",
		"sapUiTextSelection": "#fff",
		"sapUiChartDataPointBorderHoverSelectedColor": "#666",
		"sapUiToggleButtonPressedTextColor": "#333",
		"sapUiButtonLiteTextColor": "#00679e",
		"sapUiLightFocusColor": "#fff",
		"sapChart_OrderedColor_7": "#93b9c6",
		"sapChart_OrderedColor_6": "#f2d249",
		"sapChart_OrderedColor_9": "#52bacc",
		"sapChart_OrderedColor_8": "#ccc5a8",
		"sapTile_BorderColor": "#ddd",
		"sapUiMnuItmPadding": "0.5rem",
		"sapChart_OrderedColor_1": "#5cbae6",
		"sapChart_OrderedColor_2": "#b6d957",
		"sapChart_OrderedColor_3": "#fac364",
		"sapChart_OrderedColor_4": "#8cd3ff",
		"sapUshellNavTreeParentPadding": "1rem",
		"sapChart_OrderedColor_5": "#d998cb",
		"sapMFontHeader6Size": "0.875rem",
		"sapUshellTileContainerSpacingDesktop": "0.5rem 0 0.5rem 0.5rem",
		"sapUiGlobalBackgroundImageDefault": "none",
		"sapFontSize": "0.75em",
		"sapUshellTileBaseTitleFontSizePhone": "0.875rem",
		"sapMShellContentBGOpacity": "30",
		"sapButton_Emphasized_TextColor": "#fff",
		"sapChart_Sequence_3": "#f8ac29",
		"sapCaUiChartSemanticColor-Bad": "#d32030",
		"sapUiNotificationText": "#fff",
		"sapUiHighlightTextColor": "#000",
		"sapChart_Sequence_2": "#9dc62d",
		"sapUiUx3ShellPaneOverflowButtonHeight": "120px",
		"sapChart_Sequence_1": "#27a3dd",
		"sapUiChartScrollBarThumbHoverColor": "#dedede",
		"sapUiBarHeading": "#666",
		"sapUshellTileContainerAddGroupText": "#fff",
		"sapUiBaseBorder": "#808080",
		"stepWidth": "2.25rem",
		"sapUshellTileShadowDimensions": "0 0 0.25rem",
		"sapUshellNavTreeMenuBG": "#f2f2f2",
		"sapUiUfdShellOvrlyCntntCloseAnimDelay": "175ms",
		"sapUiMapLegendBorderColor": "#ccc",
		"sapUiDeepBG": "black",
		"sapUiPurple": "#ab218e",
		"sapUiToggleButtonPressedDisabledBackground": "#24F28E",
		"sapUiCritical": "#d14900",
		"sapUshellDynamicTileNumberMarginPhone": "0.19rem",
		"sapUshellCatalogMenuBarBoxShadow": "none",
		"sapUiChartPaletteSemanticBadDark2": "#911621",
		"sapUiChartGood": "#61a656",
		"sapUiChartPaletteSemanticBadLight2": "#e9707b",
		"sapUiChartPaletteSemanticBadLight3": "#f09ca4",
		"sapUiBusy": "#257005",
		"sapUiInputBaseError": "#e52929",
		"sapUiDTICustomHeaderTextShadow": "rgba(255,255,255,0.5)",
		"sapUiChartPaletteSemanticBadLight1": "#e34352",
		"sapUiSliderProgressBG": "#24F28E",
		"sapMUiScrollBarBG": "rgba(0,0,0,0.5)",
		"sapLightBorderColor": "#ddd",
		"sapMShellMinHeightForHeader": "3401px",
		"sapUiRFLPadding": "8px",
		"sapUiChartScrollbarBorderSize": "0",
		"sapMeTabColorAttachments": "#007cc0",
		"sapUiRed": "#e52929",
		"sapUiChartPaletteSemanticBadDark1": "#a71926",
		"sapUiButtonAcceptActiveBorderColor": "#00451d",
		"sapUiButtonEmphasizedActiveBorderColor": "#153f03",
		"bottomMargin": "0.5rem",
		"sapCaUiChartSemanticColor-Critical": "#e17b24",
		"sapUiFontMonospaceFamily": "Lucida Console",
		"sapDarkShadowColor": "#000",
		"sapUiChartPaletteSequentialHue3Light1": "#fac364",
		"sapUiChartPaletteSequentialHue3Light2": "#fbd491",
		"sapUiFieldHoverBorderColor": "#24F28E",
		"listHeight": "2.25rem",
		"sapUiChartPaletteSequentialHue3Light3": "#fde5bd",
		"sapUshellAnchorNavigationBarBorderBotomColor": "rgba(255,255,255, 0.5)",
		"sapUiChartPaletteSemanticCriticalLight1": "#e79651",
		"sapUiBtnText": "#333",
		"sapUiSegmentedButtonHoverBackground": "rgba(196,196,196,0.5)",
		"sapUiChartPaletteSemanticCriticalLight3": "#f3ccab",
		"sapUiChartPaletteSemanticCriticalLight2": "#edb17e",
		"sapUiMediumText": "#444",
		"sapUshellListItemHeight": "3rem",
		"sapCaUiChartPopoverGroupFontSize": "0.875rem",
		"sapUiDarkLine": "#343434",
		"sapUiButtonBackground": "#f7f7f7",
		"sapField_HelpBackground": "#fff",
		"searchResultListSelectedBG": "#f4fef9",
		"sapUiRespGridMedia_XL": "sapUiRespGridMedia-Std-LargeDesktop",
		"sapMeOverlapCalendarType01Action": "#cce8d8",
		"sapUiUfdShellHeadButtonOutlineWidth": "1px",
		"sapUiSegmentedBtnTextActive": "#fff",
		"sapUiSwitchOffBG": "#fff",
		"sapUiGroupContentBackground": "#fff",
		"sapUiElement": "#666",
		"sapMShellAppWidthLimit": "1280px",
		"sapUshellNavTreeChildPadding": "3.5rem",
		"sapUiDTICustomPhoneRows": "3",
		"sapUiSelectBorderColorPressed": "#24F28E",
		"sapCriticalTextColor": "#d14900",
		"sapUiDTICustomItemText": "#666",
		"sapUiLabelFont": "Arial, Helvetica, sans-serif",
		"sapUiToolbarSeparatorFooterBG": "rgba(100,114,123,0.96)",
		"sapUiButtonRejectActiveBorderColor": "#9f1313",
		"sapCriticalElementColor": "#d14900",
		"sapUiActiveBGHover": "#dafded",
		"sapUiNotificationBarCalloutBorder_IE": "#444",
		"sapUiRespGrid_PxInRem": "16",
		"sapMSwitch-ONPOSITION": "-32",
		"sapUiSliderBG": "#ddd",
		"sapUiChartLegendTitleFontSize": "0.875rem",
		"sapMShellAppHeight": "3333px",
		"sapSuccessColor": "#008a3b",
		"sapField_Hover_HelpBackground": "#24F28E",
		"sapTextColor": "#000",
		"searchDesktopSize": "(min-width: 1151px)",
		"sapUshellToolAreaItemIconColor": "#b7cee4",
		"closeButtonCompactSize": "1.625rem",
		"sapCaUiChartSemanticColor-Good-Dark": "#4d8445",
		"sapUshellToolAreaItemSelectedBG": "#416b8e",
		"sapCaUiChartPopoverItemFontWeight": "normal",
		"sapUiListTableIconSize": "1rem",
		"sapField_Background": "#fff",
		"sapCaUiChartToolBarTitleFontWeight": "normal",
		"par2": "calc(91.66666666666667% + 1rem)",
		"sapUiPopupBorderColor": "rgba(153,153,153,0.6)",
		"par1": "-webkit-calc(91.66666666666667% + 1rem)",
		"sapUshellTileFooterPosition": "relative",
		"sapUiMediumBG": "#ddd",
		"sapUshellNavTreeListItemWidth": "18rem",
		"sapUiFontSize": "16px",
		"sapMTitleFontWeight": "normal",
		"sapUiChartCategoryAxisLabelFontColor": "#333",
		"sapUiInputBaseBorder": "#bfbfbf",
		"sapUiLIDetailBGActive": "#24F28E",
		"sapUiSelectListLITextInverted": "#fff",
		"sapCaUiChartSemanticColor-Good": "#61a656",
		"sapCaUiChartTitleColor": "#000",
		"sapMediumBackground": "#ddd",
		"sapUshellTileBaseTitleFontFamily": "Arial, Helvetica, sansSerif",
		"sapUshellAnchorItemPaddingLeft": "1rem",
		"sapUiBaseText": "#000",
		"sapUiSelectIconBGPressed": "#24F28E",
		"sapUiBase": "#808080",
		"sapContent_ElementHeight_PX": "22px",
		"sapUshellNavTreeHoverBG": "#e2ecf3",
		"sapChart_Sequence_Neutral": "#848f94",
		"sapUshellTileBaseBottomlineBottomDesktop": "0.125rem",
		"sapUiButtonRejectDisabledBorderColor": "#b51616",
		"sapCaUiChartSemanticColor-Bad-Light": "#e34352",
		"sapUiPullToRefreshBG": "#f2f2f2",
		"sapUiToolbarInfoBorder": "#e5e5e5",
		"searchTabletSize": "(min-width: 768px) and (max-width: 1150px)",
		"sapUiPageFooterBackground": "#363e43",
		"sapUiMediaQuery_Std_Phone": "screen and (max-width : 599px)",
		"sapLightFocusColor": "#fff",
		"sapTitleColor": "#333",
		"sapUiUfdShellAnimDuration": "500ms",
		"sapUiListBGFooter": "#f7f7f7",
		"sapCaUiChartFontSize": "0.75rem",
		"sapUiBtnTextLink": "#00679e",
		"sapUiGlobalBackgroundImage": "none",
		"oppercent": "100",
		"sapUshellSplitContAnimationDuration": "500ms",
		"sapUiButtonBorderColor": "#bfbfbf",
		"sapUiListHeaderBackground": "#f7f7f7",
		"sapUshellTileWidthDesktop": "11.5rem",
		"sapUshellImageTileBottomPhone": "1.5rem",
		"sapGroup_BorderWidth": "1px",
		"sapMShellMinWidthForBigLogoAside": "1680px",
		"sapUiNeutral": "#007cc0",
		"sapLightestBackground": "#fff",
		"sapUiSelectListLightestBGHover": "#f0f0f0",
		"sapUshellAnchorItemNotRenderedColor": "rgba(255,255,255, 0.5)",
		"sapUiBtnTextTransparentDisabled": "rgba(51,51,51,0.5)",
		"sapUshellTileBaseTitleLineHeightDesktop": "1.25rem",
		"sapGroup_BorderCornerRadius": "0",
		"sapUiButtonRejectBackground": "#cc1919",
		"sapUshellTileBaseBottomlineLineHeightPhone": "1.13rem",
		"sapUiUx3ShellSideBarBaseWidth": "40px",
		"sapUiUx3ShellGradientBottom": "transparent",
		"width": "100% -  1.5rem",
		"sapUshellTileFooterIconColor": "#666",
		"sapUiLightestBG": "#fff",
		"sapUiSelectIconBGHover": "#eaeaea",
		"sapMSwitch-TRANSITIONTIME": "175",
		"sapExtraLightTextColor": "#707070",
		"sapHighlightTextColor": "#000",
		"sapUshellTileContainerHeaderActionsButtonHover": "rgba(0,0,0,0.2)",
		"sapUiListTableGroupHeaderBorderColor": "#e5e5e5",
		"sapUiSegmentedBtnTextFooter": "#fff",
		"sapUshellViewPortLeftTabletLandscapeWidth": "70%",
		"sapUshellTileFooterHeight": "2rem",
		"sapSelectedColor": "#24F28E",
		"sapCaUiChartPopoverItemFontFamily": "Arial, Helvetica, sans-serif",
		"sapUiChartLegendLabelFontSize": "0.75rem",
		"sapUiFontCondensedFamily": "'Arial Narrow', HelveticaNeue-CondensedBold, Arial, sans-serif",
		"sapUshellListItemHeightCompact": "2rem",
		"sapUiUfdShellCurtainBGEndColor": "rgba(255,255,255,0.97)",
		"sapUiFormTitleSize": "H4",
		"sapUiUx3ToolPopupArrowRightMarginCorrectionInverted": "-7px",
		"sapUshellShellHeadButtonInnerSpace": "0.56rem",
		"sapScrollBar_SymbolColor": "#666",
		"sapUiLightLine": "#cdcdcd",
		"sapUiListHeaderBorder": "#ddd",
		"containerPadding": "1rem",
		"sapUiChartPaletteSemanticGood": "#61a656",
		"sapUiFieldActiveBackground": "#24F28E",
		"sapUiDesktopFontFamily": "Arial, Helvetica, sans-serif",
		"sapUshellCatalogMenuBarBackground": "transparent",
		"sapMFontHeader3Size": "1.250rem",
		"sapUiLIStandardText": "#000",
		"sapUiMediaQuery_3Step_L": "screen and (min-width : 960px)",
		"sapUiButtonRejectDisabledBackground": "#cc1919",
		"sapField_ReadOnly_BorderColor": "transparent",
		"sapUiMapLegendBG": "#fff",
		"sapBackgroundImageOpacity": "1.0",
		"sapToolbar_SeparatorColor": "#bfbfbf",
		"sapUiMediaQuery_3Step_M": "screen and (min-width : 520px) and (max-width : 959px)",
		"sapUiScrollBarBorderColor": "#e6e6e6",
		"sapUiMediaQuery_3Step_S": "screen and (max-width : 519px)",
		"sapUiITBTextOnlyBrandText": "#153f03",
		"sapUshellTileFooterFontSize": "1rem",
		"sapUiLinkHover": "#00679e",
		"sapUiPageBG": "#fff",
		"sapUshellTileSpacingBottomPhone": "1rem",
		"sapUshellShellAnimDuration": "500ms",
		"sapUiFieldHelpBackground": "#fff",
		"sapUiSegmentedButtonSelectedTextColor": "#00679e",
		"SapBarCompactHeight": "2.5rem",
		"sapUiExtraLightBG": "#f2f2f2",
		"sapField_ReadOnly_Background": "transparent",
		"sapUiNotificationBarCalloutBorder": "rgba(68,68,68,0)",
		"sapUiLightBG": "#e5e5e5",
		"sapUiRadioButtonBorderColor": "#bfbfbf",
		"sapUiGreen": "#008a3b",
		"sapUshellLoadingFlowerLeafBorderColor": "#fff",
		"sapUshellTileContainerLinksAreaWidthDesktop": "99.8%",
		"sapUiSelectIconColorActive": "#fff",
		"sapUshellViewPortLeftPhoneLandscapeWidth": "75%",
		"sapUshellImageTileWidthDesktop": "10.5rem",
		"sapUiContentDisabledOpacity": "0.5",
		"sapUshellTileContainerSpacingMobile": "0.5rem 0 0 0.45rem",
		"sapUiBtnTextShadowFooter": "rgba(0,0,0,0.5)",
		"sapUiSegmentedBtnBG": "#fff",
		"navHeight": "4rem",
		"sapUiChartNeutral": "#848f94",
		"sapUiFormContainerColImageURL": "/img/form/Minimize.png",
		"sapScrollBar_FaceColor": "#e6e6e6",
		"sapButton_TextColor": "#333",
		"sapUiBtnFooterBGStandardHover": "rgba(234,234,234,0.1)",
		"sapUiTableRowAlternatingBG": "#eff7fb",
		"sapUiExtraDarkBG": "#333",
		"sapUshellTileTallHeightDesktop": "22.5rem",
		"sapUiChartDataLabelFontSize": "0.75rem",
		"sapUiBtnBGEmphasized": "#257005",
		"sapUiButtonLiteActionSelectHoverBackground": "#444e54",
		"sapMFontHeader1Size": "1.750rem",
		"sapUshellGroupListFontSize": "0.875rem",
		"sapUiMnuItmHeightCozy": "3rem",
		"sapUshellShellHeaderBarHeight": "2.75rem",
		"sapUiInfobarBackground": "#457aae",
		"sapUiShellBorderColor": "#999",
		"sapWarningColor": "#f0ab00",
		"sapUiDTICustomFooterOnDesktopBG": "rgba(54,62,67,0.96)",
		"sapUiSegmentedBtnBGSelected": "#24F28E",
		"loadingDialogBackgroundColor": "#fff",
		"sapUiGlobalBackgroundColor": "#f2f2f2",
		"sapMFontSmallSize": "0.75rem",
		"sapCaUiChartSemanticColor-Good-Light": "#80b877",
		"sapUiFieldFocusHelpBackground": "#fff",
		"sapUiUx3ShellHeaderImageURL": "",
		"sapUiButtonActiveBorderColor": "#24F28E",
		"sapUshellShellHeadButtonSeparatorWidth": "0.07rem",
		"sapUiFieldDisabledHelpBackground": "#f9f9f9",
		"sapUiGroupTitleTextColor": "#333",
		"sapUiGlobalBackgroundColorDefault": "#f2f2f2",
		"sapUiLinkActive": "#00679e",
		"sapButton_Accept_Background": "#007833",
		"sapUiToggleButtonPressedBorderColor": "#0eee82",
		"sapUiListHeaderBorderColor": "#ddd",
		"sapUiDarkBorder": "#bfbfbf",
		"sapUiLocalBusyIndicatorBorderRadius": "100%",
		"sapUiBtnBGNegative": "#cc1919",
		"sapContent_LineHeight": "1.3",
		"sapUshellTileBaseIconFontSizeDesktop": "2.25rem",
		"sapUiSegmentedButtonActiveBackground": "#24F28E",
		"sapUiThemeDesignerCustomCss": "false",
		"sapChart_Bad": "#d32030",
		"sapErrorColor": "#e52929",
		"sapUiLINavColor": "#8c8c8c",
		"sapUshellTileLongHeightDesktop": "11rem",
		"sapUiDTICustomDesktopMode": "mixed",
		"sapUiBtnBGPositiveDown": "#00451d",
		"sapUiDTICustomMode": "scroller",
		"sapUshellViewPortRightDesktopWidth": "56%",
		"sapUiBtnBGStandardDisabled": "#fafafa",
		"sapField_Disabled_Background": "#f9f9f9",
		"min": "1600px",
		"sapUiChartDataLabelFontColor": "#000",
		"sapBrandColor": "#257005",
		"sapUiRespGridMedia_TabletSize": "600px",
		"sapUiSwitchHandleOnBG": "#fff",
		"sapUshellTileFooterWidth": "4rem",
		"sapUshellTileContainerSpacingMobileLeft": "0.45rem",
		"sapUiBtnBGStandard": "#f7f7f7",
		"sapButton_Hover_TextColor": "#333",
		"sapUiCheckBoxFocusColor": "#0ccd6f",
		"sapCaUiChartFontFamily": "Arial, Helvetica, sans-serif",
		"sapMTitleFontFamily": "Arial, Helvetica, sans-serif",
		"sapUiFieldSuccessColor": "#008a3b",
		"sapButton_Emphasized_Background": "#257005",
		"sapField_InvalidBackground": "#fbdfdf",
		"sapUiButtonPositiveBG": "green",
		"sapUiFieldInvalidColor": "#e52929",
		"sapMShellHeaderHeight": "68px",
		"sapUiListTblTextColor": "#333",
		"sapUshellCatalogSelectorHeight": "2.5rem",
		"sapUiDarkText": "#333",
		"sapUshellTileBaseSubtitleFontSizePhone": "0.75rem",
		"sapUiFontLargeSize": "13px",
		"sapBackgroundColorDefault": "#f2f2f2",
		"sapUiTileBorderColor": "#ddd",
		"sapUiListTblPopinHeaderTextColor": "#666",
		"sapUshellGroupListColor": "#333",
		"sapUshellShellHeadButtonOuterSpace": "0.25rem",
		"sapUshellTileFooterPositionTop": "0.44rem",
		"sapUiSuccessBG": "#e0f1e7",
		"deviceClass": "sapUiMedia-Std-Desktop",
		"sapField_WarningBackground": "#fffcb5",
		"sapMeTabColorPeople": "#004990",
		"sapUiListTableFixedBorder": "#999",
		"sapUiUfdSplitContAnimationDuration": "500ms",
		"sapUiTextfieldBackground": "#fff",
		"sapCaUiChartSemanticColor-Neutral-Light": "#9fa8ac",
		"sapUiBtnTextActive": "#fff",
		"sapUiChartValueAxisLineColor": "#343434",
		"sapUshellTileFooterCornerRadius": "0.25rem",
		"sapUiButtonAcceptBackground": "#007833",
		"sapUiChartPaletteSequentialHue1Light2": "#84caec",
		"sapUiChartPaletteSequentialHue1Light1": "#5cbae5",
		"sapContent_ForegroundColor": "#e5e5e5",
		"sapUiMarginLarge": "3rem",
		"sapUshellDashboardPaddingRight": "0.5rem",
		"sapUshellTileShadowColor": "rgba(0,0,0,0.1)",
		"sapUiBtnBGStandardHover": "#eaeaea",
		"sapUiUx3ExactLstExpandOffset": "-1 -2",
		"sapUiChartPaletteSequentialHue1Light3": "#abdbf2",
		"sapUiTextColor": "green",
		"sapCaUiChartTitleFontFamily": "Arial, Helvetica, sans-serif",
		"sapUiWhiteBorder": "#fff",
		"searchResultImageInnerWidthPhone": "3rem",
		"sapUshellOverflowArrowsLowerGradient": "rgba(0, 0, 0, 1)",
		"sapUiGlobalBackgroundGradientMiddleColor": "#baaf21",
		"sapUshellShellBrandHeight": "0.25rem",
		"sapUiToolbarInfoHoverBG": "#2b68a3",
		"sapUshellTileBorderThickness": "0",
		"sapUshellTileIconColor": "#007cc0",
		"sapUiSwitchTextOn": "#fff",
		"sapUshellShellCurtainBGStartColor": "rgba(255,255,255,0.97)",
		"sapUiChartLabelPressedColor": "#ccc",
		"sapUiUx3ExactLstHeaderHeight": "25px",
		"sapUiToolbarSeparatorColor": "#bfbfbf",
		"sapUiChartPaletteSequentialHue3Dark2": "#b57506",
		"sapUiDTICustomHeaderTextColor": "#666",
		"sapUiChartPaletteSequentialHue3Dark1": "#dd8e07",
		"sapUiSegmentedButtonSelectedHoverBackground": "#0eee82",
		"sapCaUiChartSemanticColor-Critical-Light": "#e79651",
		"sapUiSelectFooterBGHover": "rgba(234,234,234,0.1)",
		"sapUshellShellCurtainBGEndColor": "rgba(255,255,255,0.97)",
		"sapUshellTileFloat": "left",
		"sapUiContentContrastTextThreshold": "0.65",
		"sapUiFieldTextColor": "#000",
		"sapUshellTileBaseBottomlineFontFamily": "Arial, Helvetica, sans-serif",
		"sapUiUfdShellOvrlyBlockLayerAnimDuration": "210ms",
		"sapUiBtnBGTransparent": "transparent",
		"sapCaUiChartPopoverGroupFontColor": "#000",
		"sapUshellGroupListPaddingLeft": "1rem",
		"sapExtraDarkBorderColor": "#999",
		"sapUshellTileBaseBottomlineColor": "#666",
		"sapUiFieldFocusBorderColor": "#24F28E",
		"sapUiInputBaseWarning": "#f0ab00",
		"sapUshellNavTreeIconPadding": "1rem",
		"sapUiFormContainerExpImageURL": "/img/form/Maximize.png",
		"sapUiInputBaseBG": "#fff",
		"sapUiSwitchHandleOffBG": "#999",
		"sapUiDTICustomButtonText": "#333"
	}
]